product_url,product_name,review_title,review_content,review_rating,review_date
https://www.pcmag.com/reviews/intel-core-i9-14900ks,Intel Core i9-14900KS ,"Sometimes, maximum power yields minimum value",Intel's power-hungry  pricey Core i9-14900KS delivers too little extra performance versus its Core i9-14900K kin to merit the extra cash. Intel's previous-gen Core i9-13900K comes much more highly recommended.,2.5,4/10/2024
https://www.pcmag.com/reviews/intel-core-i5-13400f,Intel Core i5-13400F ,Drop the on-chip graphics and save on a budget gaming CPU,The Intel Core i5-13400F is a well-priced processor that's a fine fit for a budget gaming PC  but don't expect it to pair well with a high-end graphics card.,3.5,3/28/2024
https://www.pcmag.com/reviews/intel-core-i7-14700k,Intel Core i7-14700K ,'Raptor Lake Refresh' done right,"The Core i7-14700K is the best value of Intel's refreshed ""Raptor Lake"" CPUs  bringing marked improvements at no extra cost. It's an attractive upgrade for older LGA 1700 systems.",4.0,10/20/2023
https://www.pcmag.com/reviews/intel-core-i5-14600k,Intel Core i5-14600K ,"Versus the Core i5-13600K, 'tis but a minor refreshment",The Intel Core i5-14600K is near-indistinguishable from the Core i5-13600K in benchmark results. It's a fine-performing processor in its price class  but we see little reason to buy it if the 13th Gen model is available for less.,3.5,10/17/2023
https://www.pcmag.com/reviews/intel-core-i9-14900k,Intel Core i9-14900K ,This 'Raptor Lake Refresh' is mostly a reheated i9,Intel's Core i9-14900K processor is essentially the Core i9-13900K with a slight clock boost  but a bit more prone to overheating and throttling. If you can find a 13900K for less money  opt for it  as the 14900K is much the same chip in practice.,3.5,10/17/2023
https://www.pcmag.com/reviews/intel-core-i7-13700k,Intel Core i7-13700K ,Meet the new value king among high-end CPUs,At $419  Intel's Core i7-13700K is a juggernaut within its price range. Its 16-core design delivers potent multithreaded performance and highly competitive gaming muscle for the money.,4.5,4/24/2023
https://www.pcmag.com/reviews/intel-core-i9-13900ks,Intel Core i9-13900KS ,"""Special edition"" processor proves not especially faster",Intel's Core i9-13900KS processor is scarcely different from its Core i9-13900K  except that it costs more. Its 6GHz peak clock speed is exciting for bragging rights  but bears little fruit in most real-world situations.,3.5,3/08/2023
https://www.pcmag.com/reviews/intel-core-i5-13600k,Intel Core i5-13600K ,"Price, power consumption, heat, performance: Everything's up for this Core i5",Intel's Core i5-13600K is pricier  power-hungrier  and hotter-running than its predecessor  but it's hard to argue with the raw performance this CPU gives you for the money  especially for PC gamers.,4.5,11/09/2022
https://www.pcmag.com/reviews/intel-core-i9-13900k,Intel Core i9-13900K ,"Taking back the performance crown with more cores, better performance, and lots of heat","Intel's ""Raptor Lake"" Core i9-13900K is the fastest CPU on the market  with leading performance and a higher core count than the competition.",4.5,10/20/2022
https://www.pcmag.com/reviews/intel-core-i9-12900ks,Intel Core i9-12900KS ,"Hot, hot, hot! Intel's supercharged i9 is a blazing speedster",Its higher clock speeds give Intel's Core i9-12900KS a solid performance boost over the Core i9-12900K in some scenarios  but its steep price and hot-running tendencies hold it back.,3.5,6/15/2022
https://www.pcmag.com/reviews/intel-core-i3-10105,Intel Core i3-10105 ,"For budget buyers in a pinch, a perked-up ""Comet Lake"" chip","Intel's Core i3-10105 ""Comet Lake Refresh"" is a modest value among quad-core CPUs  saddled by a dead-end socket but readily available at its list price and equipped with capable integrated graphics.",3.0,1/21/2022
https://www.pcmag.com/reviews/intel-core-i7-12700k,Intel Core i7-12700K ,"Efficiency cores for the win in this ""Alder Lake"" speed chip","The 12th Generation ""Alder Lake"" Core i7-12700K handily outperforms its ""Rocket Lake"" predecessor and stands up to competing AMD CPUs. Its toughest competition is its Core i5 kin.",4.0,12/30/2021
https://www.pcmag.com/reviews/intel-core-i5-12600k,Intel Core i5-12600K ,"Sleeper CPU: Nearly a 10th Gen Core i9, disguised as a 12th Gen Core i5","For PC gamers and budget-constrained creative types  Intel's ""Alder Lake"" Core i5-12600K punches well above its weight in gaming and content creation alike. Just know that the cost of adoption (memory  motherboard  cooler) may make waiting a bit to upgrade a better bet.",4.0,11/04/2021
https://www.pcmag.com/reviews/intel-core-i9-12900k,Intel Core i9-12900K ,"This high-end ""Alder Lake"" chip is Intel's CPU comeback kid",The Core i9-12900K is Intel's first truly innovative high-end desktop CPU in years  showing great potential in its performance/efficiency mixed-core design and support for DDR5 memory. Just expect a high initial cost of adoption—and  perhaps  some PC-gaming growing pains.,4.0,11/04/2021
https://www.pcmag.com/reviews/intel-core-i7-11700k,Intel Core i7-11700K ,"Sometimes, a Core i7 can ""rocket"" past a Core i9","If you're looking for the best eight-core processor in Intel's 11th Generation ""Rocket Lake"" lineup  the Core i7-11700K has got your CPU cycles (and your PC gaming) covered.",4.0,5/25/2021
https://www.pcmag.com/reviews/intel-core-i5-11600k,Intel Core i5-11600K ,"A solid ""Rocket Lake"" gaming chip squeezes the last drops out of 14nm","The midrange Core i5-11600K is a six-core  11th Generation CPU just fast enough to keep Intel's new ""Rocket Lake"" chips in the game against tough AMD opposition.",4.0,3/30/2021
https://www.pcmag.com/reviews/intel-core-i9-11900k,Intel Core i9-11900K ,Rocket Lake: Sometimes moonshots only make it halfway,"Die-hard gamers and Intel loyalists can safely opt for the ""Rocket Lake"" Core i9-11900K  Intel's mainstream 11th Generation flagship desktop CPU. But a regression in core count and only modest performance upside add luster to AMD Ryzen 5000 and Intel 10th Gen alternatives.",3.5,3/30/2021
https://www.pcmag.com/reviews/intel-celeron-g5920,Intel Celeron G5920 ,Setting ground level for the LGA1200 platform,Intel’s Celeron G5920 is a step above its predecessor with a sizable increase in performance  but it’s still slower in most tests than AMD’s lower-list-priced Athlon 200GE—if you can find one.,3.0,3/10/2021
https://www.pcmag.com/reviews/intel-pentium-gold-g6400,Intel Pentium Gold G6400 ,Two fast cores for basic productivity,Priced under $70  Intel’s Pentium Gold G6400 fills a low-cost niche among desktop CPUs  outperforming Athlons and costing well less than Core i3 and Ryzen 3 chips. It’s a solid option for a budget productivity PC  if you can stomach the motherboard investment.,4.0,3/10/2021
https://www.pcmag.com/reviews/intel-core-i5-10400,Intel Core i5-10400 ,Intel's middle-market CPU has gaming cred but Ryzen dread,"Upgrading to any ""Comet Lake"" CPU (and its new platform) has its budget implications  but for a six-core chip with gaming chops  the Core i5-10400 is as good as it gets in Intel's 10th Generation stack.",3.5,2/24/2021
https://www.pcmag.com/reviews/intel-core-i3-10100,Intel Core i3-10100 ,"On desktops, is there nowhere that Intel can hide from AMD?",Intel's entry-level Core i3-10100 CPU requires an all-new motherboard platform to install  and our sample chip's performance numbers are far enough below AMD's competing Ryzens to stifle most of its four-core appeal.,3.0,2/18/2021
https://www.pcmag.com/reviews/intel-core-i5-10600k,Intel Core i5-10600K ,"Gaming speed for the frame-rate obsessed, but Ryzens above and below threaten",The Intel Core i5-10600K is an undeniably fast midrange gaming CPU  but at its launch price  it needs more daylight between it and Ryzen 7 chips above  and less between it and the Ryzen 5 ones below.,3.0,5/26/2020
https://www.pcmag.com/reviews/intel-core-i9-10900k,Intel Core i9-10900K ,"Gaming speed for the frame-rate obsessed, but Ryzens above and below threaten",The Intel Core i5-10600K is an undeniably fast midrange gaming CPU  but at its launch price  it needs more daylight between it and Ryzen 7 chips above  and less between it and the Ryzen 5 ones below.,3.5,5/20/2020
https://www.pcmag.com/reviews/intel-xeon-w-2295,Intel Xeon W-2295 ,18 cores of computing muscle and workstation features like ECC support,The workstation-class Intel Xeon W-2295 CPU offers 18 cores of computing muscle and specialized features like ECC support  though it’s not as powerful as some competing enthusiast-class CPUs.,3.5,4/13/2020
https://www.pcmag.com/reviews/intel-core-i7-9700k,Intel Core i7-9700K , ,Intel's Core i7-9700K is a proficient mainstream CPU for gaming enthusiasts  but AMD's Ryzen 7 3700X offers better value and better performance on many computing tasks.,4.0,2/14/2020
https://www.pcmag.com/reviews/intel-celeron-g4920,Intel Celeron G4920 , ,Intel's Celeron G4920 is certainly affordable as LGA 1151 CPUs go  but other budget desktop processors from both AMD and Intel are better values.,3.0,2/12/2020
https://www.pcmag.com/reviews/intel-pentium-gold-g5600,Intel Pentium Gold G5600 , ,Intel's dual-core  four-thread Pentium Gold G5600 offers solid performance  but it doesn't quite stack up in real-world pricing or pep-for-money against AMD's similarly priced processors.,3.5,2/12/2020
https://www.pcmag.com/reviews/intel-core-i9-10980xe-extreme-edition,Intel Core i9-10980XE Extreme Edition , ,"With few improvements over its predecessor and performance  in many cases  behind a less-expensive AMD Ryzen alternative  Intel's Core i9-10980XE is an enthusiast-class CPU that can't quite live up to the ""Extreme"" in its name.",3.0,11/25/2019
https://www.pcmag.com/reviews/intel-core-i9-9900ks,Intel Core i9-9900KS , ,The Intel Core i9-9900KS adds a booster rocket to one of the fastest gaming processors out there  but at a cost that most gamers don't need to pay to get the most out of their machines.,3.5,10/30/2019
https://www.pcmag.com/reviews/intel-core-i9-9900k,Intel Core i9-9900K , ,Intel's Core i9-9900K mainstream flagship CPU is a spirited performer  no matter what you task it with. If you don't need the RAM bandwidth or PCI Express lanes of Intel's Core X or AMD's Threadripper platforms  this chip is peak silicon for a new build.,4.0,10/19/2018
https://www.pcmag.com/reviews/intel-core-i7-8086k-limited-edition,Intel Core i7-8086K Limited Edition , ,If Intel's Core i7-8086K Limited Edition strikes your nostalgia bone (or tickles your overclocking fancy)  don't let the premium price dissuade you. It's a solid-performing CPU for modern games  productivity apps  and pretty much anything you throw in its path.,3.5,10/02/2018
https://www.pcmag.com/reviews/intel-core-i5-8400,Intel Core i5-8400 , ,"Intel's six-core ""Coffee Lake"" Core i5 trades blows away much pricier previous-generation Core i7 chips. But it's most impressive when paired with a dedicated graphics card.",4.0,10/05/2017
https://www.pcmag.com/reviews/intel-core-i7-8700k,Intel Core i7-8700K , ,"With high clocks and hexa-core design  Intel's top eighth-generation/""Coffee Lake"" desktop CPU impresses as a mainstream ""do-it-all"" processor. It's an excellent gamer  too  when paired with a high-end video card.",4.0,10/05/2017
https://www.pcmag.com/reviews/intel-core-i9-7980xe-extreme-edition,Intel Core i9-7980XE Extreme Edition , ,Intel's top-end  18-core Extreme Edition Core X-Series CPU tops the performance charts  blowing away 2016's Extreme Edition chip. But AMD's Ryzen Threadripper isn't far behind—and is a far superior value.,3.0,9/25/2017
https://www.pcmag.com/reviews/intel-core-i9-7960x,Intel Core i9-7960X , ,Intel's 16-core Core i9 chip hews close to its pricier 18-core Core i9 Extreme Edition counterpart. It's a powerful chip  no denying  but AMD's competing Threadripper 1950X  at many hundreds of bucks less  is strong competition.,3.5,9/25/2017
https://www.pcmag.com/reviews/intel-core-i7-7820x,Intel Core i7-7820X , ,Intel's eight-core Core X Series CPU is a fine performer for serious content creators or extreme multi-taskers. But if you can live with slightly less performance  the Ryzen 7 1800X (and its motherboards) are a much better value.,3.5,9/13/2017
https://www.pcmag.com/reviews/intel-core-i5-7640x,Intel Core i5-7640X , ,"Intel's ""Kaby Lake X"" Core i5 CPU is cheaper than you might expect  but it offers little advantage over Intel's mainstream chips and demands a costly motherboard. Also  like-priced AMD Ryzen 5 CPUs support many more threads  for much quicker media crunching.",3.0,7/26/2017
https://www.pcmag.com/reviews/intel-core-i7-7740x,Intel Core i7-7740X , ,"Intel's ""Kaby Lake"" i7 chip on the Core X platform delivers good quad-core performance in line with the Core i7-7700K  but lacks extra PCI Express lanes or other standout features. Most users should stick with Intel's mainstream platform  or opt for a Core X chip that's a little more expensive.",3.5,6/28/2017
https://www.pcmag.com/reviews/intel-core-i9-7900x,Intel Core i9-7900X , ,Intel's Core i9-7900X features a 10-core processor at a significant discount compared with last year's Extreme Edition processor. It heralds renewed competition between AMD and Intel for the high-end PC buyer.,4.0,6/23/2017
https://www.pcmag.com/reviews/intel-core-i3-7350k,Intel Core i3-7350K , ,Intel's first unlocked low-end processor  the Core i3-7350K has impressive overclocking capabilities enthusiasts will love. But it's on the expensive side for a Core i3 chip.,4.0,2/01/2017
https://www.pcmag.com/reviews/intel-core-i7-7700k,Intel Core i7-7700K , ,"Intel's ""Kaby Lake"" Core i7 flagship is speedy  with hardware support for 4K streaming and HDR for services like Netflix  but performance gains over its previous-generation counterpart are fairly minimal.",4.0,1/20/2017
https://www.pcmag.com/reviews/intel-core-i7-6900k,Intel Core i7-6900K , ,"For content creators and enthusiasts who don't need the absolute best performance  Intel's eight-core ""Broadwell-E"" chip makes more sense than the $600-pricier Extreme Edition alternative. But those looking for the best bang for their silicon buck should look even further down the stack.",3.5,7/22/2016
https://www.pcmag.com/reviews/intel-core-i7-6950x-extreme-edition,Intel Core i7-6950X Extreme Edition , ,Desktop processors don't get beefier—or more expensive—than the Intel Core i7-6950X. But not every user will find all its enhancements worth the money.,3.5,5/31/2016
https://www.pcmag.com/reviews/intel-core-i3-6100,Intel Core i3-6100 , ,The Intel Core i3-6100 is a good choice for a budget general-purpose PC or as a starting point for a gaming rig.,4.0,3/24/2016
https://www.pcmag.com/reviews/intel-core-i5-6600k,Intel Core i5-6600K , ,Though limited to four cores/four threads  the Core i5-6600K is a strong pick for price-conscious performance hounds and future-looking gamers seeking a powerful CPU at a reasonable price.,4.0,10/12/2015
https://www.pcmag.com/reviews/intel-core-i7-6700k,Intel Core i7-6700K , ,The biggest draw of the Core i7-6700K  Intel's first sixth-generation CPU  isn't the performance. Rather  it's the extra PCIe lanes that come with the supporting Z170 chipset  which may mean storage that's as fast as the processor.,4.0,8/05/2015
https://www.pcmag.com/reviews/intel-core-i7-5775c,Intel Core i7-5775C , ,"Intel's highest-end ""Broadwell"" desktop CPU delivers the best integrated graphics we've seen from a socketed processor  as well as very good raw compute performance. (Caveat: Pending next-generation CPUs and support for an end-of-life socket may narrow its appeal for some buyers.)",4.0,7/08/2015
https://www.pcmag.com/reviews/intel-core-i7-5960x-extreme-edition,Intel Core i7-5960X Extreme Edition , ,The Intel Core i7-5960X Extreme Edition offers eight cores (and 16 threads)  resulting in stunning speeds on multithreaded workloads. If raw CPU power is your top priority and you've got the cash  this is the CPU to get.,4.0,8/28/2014
https://www.pcmag.com/reviews/intel-core-i7-4790k,Intel Core i7-4790K , ,Intel's Core i7-4790K is the high-end Haswell-based processor for enthusiasts who liked last year's 4770K CPU  but weren't satisfied with its modest performance improvements.,4.0,7/31/2014
https://www.pcmag.com/reviews/intel-core-i3-4330,Intel Core i3-4330 , ,The Intel Core i3-4330 is the budget CPU to get for general computing and light workloads.,4.0,6/30/2014
https://www.pcmag.com/reviews/intel-core-i5-4570,Intel Core i5-4570 , ,Intel's Core i5-4570 processor is a well-balanced CPU that offers some  but not all  of the power of a Core i7  making it ideal for occasional photo editing or video work at a lower price.,4.0,4/10/2014
https://www.pcmag.com/reviews/intel-core-i3-4130,Intel Core i3-4130 , ,Intel's dual-core Core i3-4130 lacks the raw CPU muscle of pricier quad-core parts  but it's still reasonably quick and affordable. If you're a mainstream PC user or a budget gamer who plans on using a dedicated graphics card  this chip will be a good fit for your next PC build.,3.5,4/02/2014
https://www.pcmag.com/reviews/intel-core-i7-4960x,Intel Core i7-4960X , ,The Intel Core i7-4960X processor updates the CPU architecture to the 22nm-based Ivy Bridge  but makes precious few additional changes.,3.0,9/03/2013
https://www.pcmag.com/reviews/intel-core-i7-4770k,Intel Core i7-4770K , ,The Intel Core i7-4770K  based on Intel's Haswell microarchitecture  is a great chip if you need an upgrade  but performance gains are modest.,3.5,6/01/2013
